39291,57448,63197,94087,35219,82457,79122,42937,68388,33563,25873,00709,08455,29221,73445,66583,88302,02778,61216,62575
10,51,7,98,27,75,0,86,29,42,66,82,92,39,59,20,48,56,3,46
65,24,57,50,55,71,32,50,77,60,5,56,59,2,44,14,34,3,73,58
63,67,79,33,12,99,56,4,53,8,26,64,60,6,83,96,96,66,46,81
73,69,23,96,10,15,10,43,33,50,37,40,63,53,96,3,51,42,36,58
62,72,45,87,97,0,22,48,87,20,44,61,79,60,42,77,47,26,34,5
75,11,48,48,46,58,64,45,7,69,46,84,65,84,19,7,69,30,44,48
41,89,83,93,75,76,40,31,33,14,32,40,2,21,24,91,22,90,32,67
68,65,33,3,29,90,68,23,18,15,9,62,56,57,55,90,91,49,23,79
25,53,42,8,68,33,65,7,4,31,73,55,87,20,25,13,61,6,2,73
84,82,39,13,77,49,5,84,5,21,4,4,7,39,35,8,12,38,64,1
74,51,72,68,46,5,39,56,96,11,96,8,27,31,32,92,24,0,86,93
1,84,77,89,83,3,4,54,45,12,72,35,62,85,62,4,10,62,60,69
16,53,25,89,25,65,89,8,42,53,65,11,42,97,29,36,53,7,7,93
56,47,55,29,9,39,95,53,88,59,41,63,81,63,10,43,67,63,32,32
79,21,69,10,91,4,20,83,98,75,11,48,92,5,91,42,25,78,76,87
4,55,74,40,90,44,36,59,74,29,5,72,32,3,62,99,83,57,87,67
96,1,77,4,85,4,60,74,49,16,58,34,62,81,84,21,75,5,52,74
84,7,10,26,40,17,65,85,33,64,56,15,34,93,82,78,99,62,79,14
12,64,16,41,45,23,74,31,8,69,7,30,98,42,99,55,85,21,0,38
47,28,35,91,22,85,23,12,45,42,70,14,1,54,57,44,80,78,46,21
30,98,94,58,53,27,10,44,75,36,45,81,52,26,30,46,97,82,74,24
41,68,72,31,88,77,87,63,43,33,36,8,2,73,75,86,37,13,87,48
65,80,78,25,35,86,85,54,39,22,12,98,94,31,51,83,36,32,80,38
16,12,12,67,46,30,20,94,35,46,25,73,78,49,82,9,67,33,43,30
3,52,53,38,5,13,19,9,25,65,41,40,11,5,56,15,82,57,88,5
10,7,6,96,8,79,83,8,53,5,1,24,57,93,12,93,83,66,72,58
31,54,27,90,71,86,22,73,96,24,39,61,53,95,23,68,90,97,93,83
51,48,53,93,3,9,5,95,77,10,50,11,15,88,52,61,36,85,79,16
62,86,71,13,78,86,13,60,13,19,66,53,79,96,51,25,19,10,32,68
9,10,73,90,65,9,43,68,57,85,43,79,92,86,14,26,58,76,54,88
90,8,64,71,80,13,83,59,66,19,67,16,7,19,90,33,28,9,25,90
13,72,84,44,57,28,86,72,21,98,81,76,56,5,99,67,20,41,82,72
95,64,42,84,6,46,62,9,12,6,96,29,6,65,25,57,70,30,28,92
18,72,33,44,14,18,47,74,56,26,64,11,17,18,36,14,27,37,77,92
49,57,87,30,22,72,71,41,33,15,78,49,17,17,29,84,43,65,47,30
90,4,47,39,38,56,82,48,57,12,56,35,29,24,55,60,27,23,53,40
91,47,68,90,45,94,93,93,88,57,99,11,42,13,23,52,3,15,7,57
90,59,37,44,19,40,5,56,48,78,62,9,63,96,57,93,45,85,77,26
16,29,8,22,95,98,65,38,51,98,86,19,24,65,8,17,83,94,10,73
76,11,68,33,98,74,57,49,1,54,41,44,64,45,2,77,9,30,25,44
19,27,33,90,60,20,66,96,76,85,76,95,19,2,83,86,52,77,56,54
3,30,2,89,11,68,36,64,88,61,4,37,46,32,49,64,4,98,35,84
12,80,51,65,98,24,81,47,22,51,0,32,89,74,26,15,54,29,24,49
94,11,7,8,44,84,21,87,22,49,69,65,15,79,50,71,85,51,39,0
75,84,0,77,25,44,59,99,17,34,30,2,86,93,31,86,48,31,6,78
77,8,50,44,18,11,10,38,40,51,34,27,89,67,93,60,51,86,54,84
36,82,82,63,78,29,93,43,0,92,31,25,27,86,39,95,69,75,66,79
97,11,58,3,76,43,3,18,88,50,99,88,19,68,26,90,87,82,85,5
11,51,59,85,37,53,87,0,52,52,33,24,32,95,12,91,0,4,83,28
9,94,20,65,24,47,55,55,30,15,36,19,10,17,1,51,80,25,61,33
91,23,5,64,23,12,42,0,90,27,40,64,98,56,93,99,29,65,92,1
93,32,11,98,37,44,41,66,46,46,69,32,92,79,53,39,51,23,86,21
32,67,50,96,70,57,0,56,26,44,88,34,49,54,25,29,73,13,6,60
2,27,18,64,85,17,91,34,74,41,29,19,50,88,57,81,91,37,47,52
49,28,84,38,99,7,85,20,92,60,42,28,3,61,84,9,81,58,88,46
25,4,53,18,56,80,7,30,24,3,17,56,32,45,79,43,30,70,94,70
30,89,57,85,9,61,59,71,31,9,27,99,42,91,40,80,74,34,0,55
18,57,78,1,17,95,69,17,98,18,70,42,2,29,15,87,12,76,83,61
31,22,9,28,79,74,78,96,96,36,68,65,94,64,46,62,33,60,26,78
99,6,13,58,8,30,96,97,8,29,74,88,35,0,28,82,3,81,90,24
15,18,70,43,20,77,32,78,13,86,43,61,41,72,63,20,39,54,80,66
5,48,47,91,28,69,61,18,61,97,76,69,36,91,80,24,12,90,21,46
13,97,48,61,0,40,48,78,52,62,99,46,14,82,81,57,26,59,83,56
34,55,30,90,52,77,53,51,65,64,51,96,44,51,13,14,74,55,40,11
20,92,47,98,89,42,64,56,23,95,92,97,44,34,4,31,22,65,40,84
10,7,83,57,5,97,52,54,7,43,67,62,88,45,37,33,66,75,5,41
78,10,58,35,3,52,41,1,3,63,74,81,81,42,84,95,37,40,67,42
92,65,70,19,49,43,48,33,53,92,84,72,82,70,12,74,44,93,56,74
45,99,1,26,21,78,91,23,27,58,74,6,70,59,60,82,90,5,74,35
42,78,27,50,24,51,27,87,5,39,66,6,78,35,90,12,85,44,59,27
26,89,30,89,83,80,8,87,44,93,54,8,78,24,8,57,75,93,94,11
52,6,52,27,61,80,90,0,65,81,53,70,10,0,3,51,7,81,77,6
20,41,67,75,69,70,2,46,98,52,65,21,55,84,74,94,44,97,50,5
32,83,22,37,65,4,54,95,0,43,5,52,26,2,2,18,85,46,94,50
69,99,45,38,32,94,68,78,36,30,58,62,35,15,0,53,6,76,61,55
42,15,43,48,4,32,94,91,35,88,30,38,10,82,15,30,0,73,98,91
36,82,91,57,59,57,40,66,7,79,91,37,82,7,4,71,52,61,93,16
60,89,88,72,96,5,65,97,20,14,30,8,2,10,12,63,97,64,14,96
77,90,25,59,51,73,23,47,54,64,13,96,65,26,53,45,66,11,0,70
69,18,41,13,5,68,32,8,91,96,65,87,72,75,10,68,99,19,86,25
80,83,36,85,64,80,42,9,37,13,78,34,27,10,68,77,13,7,87,26
58,53,86,72,71,86,47,24,72,9,36,40,94,71,78,24,18,85,0,71
68,89,67,85,19,60,34,14,58,72,19,97,23,80,97,16,96,51,23,49
16,87,46,31,22,52,27,22,46,73,40,77,39,15,41,83,17,73,39,97
43,37,97,36,96,55,87,6,36,47,97,18,25,67,22,56,2,21,0,87
77,43,63,62,63,34,39,90,24,61,97,27,71,48,47,50,43,44,14,71
68,13,45,21,81,79,5,16,23,16,62,57,57,52,91,7,99,46,83,12
72,76,46,84,97,33,18,78,64,29,13,95,38,13,55,3,88,77,87,8
17,91,89,74,36,39,6,24,76,20,96,60,85,0,79,63,37,1,42,0
97,70,70,52,84,26,66,55,19,85,90,40,57,28,7,63,33,41,28,16
77,83,92,1,88,22,6,40,34,12,75,30,97,3,86,15,45,45,12,61
67,93,94,24,26,73,69,77,28,91,86,63,95,76,76,19,17,5,92,29
10,92,44,51,90,52,1,16,71,65,59,15,23,73,81,88,0,34,94,61
31,89,77,42,37,77,57,34,64,75,95,3,22,52,29,59,9,83,15,84
18,62,85,36,97,47,69,90,81,32,41,79,15,13,56,14,44,49,98,0
50,46,65,49,8,92,68,90,2,39,47,91,34,36,32,46,47,25,47,29
68,81,67,25,30,60,62,78,62,20,70,69,52,9,66,49,5,68,6,57
41,97,95,87,18,30,43,74,28,60,78,7,73,49,73,5,69,33,30,24
31,19,21,79,6,28,55,55,87,31,15,16,65,63,69,87,26,62,84,15
0,12,25,70,1,45,20,42,23,27,79,13,73,58,49,26,2,65,90,7
10,39,64,43,83,99,87,52,87,81,64,33,61,39,94,67,73,56,74,1
39,94,5,21,76,23,73,68,46,83,20,35,39,68,73,69,86,20,71,31
34,75,28,46,70,82,27,49,69,69,80,28,83,27,60,23,12,84,87,23
71,53,32,96,96,57,96,70,66,81,58,34,51,93,95,69,90,74,66,18
45,24,28,54,56,36,16,63,78,55,80,50,7,5,80,94,2,87,88,74
31,59,65,44,44,18,99,6,8,57,97,43,28,33,48,34,80,86,75,34
65,71,61,99,0,34,61,32,31,24,77,25,81,14,31,14,64,96,20,97
45,18,86,14,80,13,1,86,57,89,3,15,54,84,99,83,6,73,42,99
97,30,18,34,57,22,77,66,60,44,95,64,39,13,96,24,0,19,85,72
78,40,7,44,43,73,44,56,46,19,66,98,29,88,21,78,21,7,3,53
79,29,31,38,35,28,1,71,40,66,46,75,5,27,62,6,59,19,65,74
50,0,4,2,39,45,4,94,78,20,6,58,14,71,52,43,62,26,55,44
94,95,33,22,12,57,46,34,2,60,87,35,53,23,58,65,47,3,97,50
57,36,75,51,82,74,94,4,48,38,69,13,75,20,21,83,4,19,70,46
74,36,0,84,10,62,22,37,55,51,85,47,29,0,98,37,70,18,69,17
98,6,1,43,98,60,85,67,74,58,34,42,75,46,32,94,31,26,45,83
79,25,62,52,36,93,22,19,55,99,36,9,13,22,17,84,49,12,86,85
0,84,23,76,37,64,58,5,21,40,40,57,85,11,82,50,81,68,8,54
88,34,76,87,30,32,37,21,27,93,24,81,84,63,39,40,38,70,29,45
4,57,78,18,57,89,30,62,7,26,46,69,51,75,0,54,45,10,95,24
38,97,95,75,23,51,28,38,75,20,30,24,28,10,92,61,64,6,53,1
49,50,69,96,59,18,56,94,42,12,61,9,91,3,28,93,37,72,99,68
85,28,43,54,72,10,33,60,32,44,14,75,55,4,64,91,7,3,98,69
7,90,58,21,1,75,25,67,86,81,60,12,12,30,57,13,82,34,6,7
92,22,19,6,28,15,9,47,0,2,50,33,80,48,49,7,16,91,14,54
61,97,30,67,2,91,33,97,24,79,15,53,47,92,92,39,3,1,53,36
96,84,92,78,57,50,45,88,1,8,22,64,64,26,78,89,88,80,0,32
58,79,26,46,93,69,16,8,54,27,26,98,94,20,27,98,13,54,84,42
27,49,47,2,63,30,67,4,44,21,34,69,64,42,45,9,56,50,20,17
9,55,76,10,54,3,1,95,81,17,55,94,92,37,20,95,97,45,41,89
39,62,71,59,53,16,1,53,35,2,99,87,67,27,22,39,87,71,25,41
67,47,27,31,4,40,33,35,50,64,14,70,64,80,85,1,99,42,13,29
72,67,75,82,79,56,49,8,23,75,54,77,78,50,52,96,96,43,96,90
67,49,76,67,65,35,34,99,37,1,11,95,5,35,1,62,11,11,11,24
31,70,29,13,32,2,91,65,3,19,21,25,45,2,33,72,72,48,39,31
48,79,36,33,87,87,82,50,24,71,62,93,62,46,13,54,64,86,70,72
93,34,20,63,60,94,40,72,13,12,80,33,27,16,52,26,15,70,77,97
5,78,84,46,72,6,36,81,4,81,40,16,89,13,97,70,28,63,25,26
98,47,8,21,25,74,14,36,16,33,83,67,99,92,35,54,50,50,57,3
76,3,32,78,36,82,38,91,79,84,80,94,1,15,31,31,42,85,84,30
98,14,31,27,85,24,3,75,63,38,21,61,39,80,81,74,19,41,3,26
0,16,35,70,77,67,89,44,98,86,0,69,25,87,88,70,53,33,61,44
14,23,93,28,68,99,41,51,70,30,15,2,10,35,89,82,20,64,79,96
77,88,81,89,55,9,51,62,35,78,73,79,2,75,95,1,55,41,21,87
68,53,53,17,54,19,74,99,90,66,97,62,35,65,36,79,87,67,58,54
59,96,30,20,77,23,27,53,84,97,16,33,91,8,4,21,40,45,12,76
50,74,98,99,58,62,46,35,95,38,28,83,85,13,6,81,50,34,20,35
38,86,74,47,4,71,81,84,67,26,28,73,55,57,8,38,49,55,11,43
20,73,25,21,42,20,61,25,90,9,47,46,45,72,76,66,27,87,60,13
90,29,99,51,97,79,84,92,83,20,0,61,12,80,37,98,61,14,23,37
85,11,45,42,54,17,56,37,5,83,91,27,14,17,75,52,29,46,8,71
91,34,6,50,86,1,46,82,90,11,57,15,5,28,8,39,72,80,36,89
53,1,89,45,68,92,93,73,3,16,7,51,88,78,35,21,72,6,18,78
30,63,96,65,94,11,66,76,41,43,74,95,86,7,51,69,52,4,78,16
8,92,54,40,97,41,32,15,86,57,52,81,30,95,92,21,7,31,83,4
40,98,99,8,69,59,99,58,41,15,45,75,59,13,67,11,85,35,17,8
21,14,50,93,34,84,29,3,70,79,49,67,8,47,17,92,95,25,20,15
44,50,22,62,19,35,94,46,3,93,88,11,99,71,90,7,72,53,44,5
51,60,87,84,88,7,16,20,68,65,41,79,40,72,8,34,15,48,76,83
74,93,99,51,13,6,56,83,79,62,9,90,54,80,39,37,83,77,60,12
47,62,49,20,53,54,14,55,83,51,75,54,79,66,23,98,10,11,81,56
7,30,81,11,97,77,33,64,61,94,23,55,17,76,32,65,91,74,6,72
33,80,41,68,68,39,67,4,20,32,44,10,45,20,31,54,63,87,68,86
58,13,87,9,20,76,65,42,3,96,98,4,19,59,26,72,0,37,36,24
65,58,61,87,63,20,82,78,2,18,22,61,30,35,43,65,87,88,80,32
62,68,40,18,17,45,3,83,47,61,86,21,80,79,8,37,52,85,78,60
39,96,86,96,42,16,89,10,63,43,45,88,56,3,82,15,20,20,32,14
17,66,31,53,17,12,37,19,23,68,12,84,69,46,66,54,4,30,30,23
49,70,14,23,51,0,91,25,50,40,29,41,75,57,91,82,39,94,34,26
43,11,99,55,98,0,57,76,98,96,18,87,44,51,28,34,29,95,56,60
92,57,60,30,48,59,27,21,46,95,48,51,48,84,59,30,92,28,8,50
11,30,7,52,19,39,2,63,60,58,23,44,48,12,55,28,38,10,21,4
99,32,91,49,78,37,35,60,39,39,19,5,28,45,49,12,3,49,20,68
6,63,10,77,72,82,99,40,72,50,43,85,39,65,9,84,51,18,4,72
20,99,57,45,11,72,97,43,25,40,11,76,48,4,81,65,42,6,16,24
59,80,80,23,37,35,5,71,9,91,83,16,6,87,72,61,15,53,96,54
20,82,28,31,50,97,22,61,76,97,32,81,4,57,6,17,60,12,22,5
95,19,78,59,47,45,22,67,47,44,11,8,29,72,82,36,84,78,56,32
96,29,21,94,0,37,3,20,73,9,94,6,16,26,90,90,24,6,65,76
68,9,87,67,68,92,5,44,99,56,40,51,61,57,2,92,49,13,33,70
76,6,28,58,94,4,30,96,12,49,66,40,41,52,15,73,14,90,37,22
30,98,19,90,37,79,93,37,83,32,91,80,46,82,74,86,18,49,2,15
16,55,14,38,29,72,66,30,55,2,54,81,2,66,50,17,76,67,51,6
59,68,64,42,45,6,57,43,74,26,44,94,10,63,30,32,28,64,3,90
25,62,46,57,39,43,86,69,96,76,25,53,87,74,9,77,93,85,54,23
61,55,72,57,63,20,45,14,42,62,92,89,35,63,90,98,93,79,76,7
19,66,56,39,10,24,61,87,19,72,96,6,27,47,43,90,2,81,80,14
80,77,55,51,13,72,18,42,47,22,67,96,70,78,20,32,48,0,9,57
26,52,64,38,49,53,54,8,52,32,51,24,31,29,88,96,58,77,96,65
6,58,90,31,97,94,82,76,44,29,51,91,61,87,76,88,74,80,28,45
16,83,78,31,87,1,95,75,89,5,31,22,36,8,54,47,48,47,7,71
78,79,60,1,85,18,73,22,18,28,45,70,16,72,80,3,68,55,4,30
26,57,28,81,5,73,0,38,85,49,57,33,77,6,93,74,60,84,48,56
52,71,6,24,25,57,26,12,62,92,69,59,55,96,46,51,78,38,52,65
81,75,30,78,3,68,56,76,42,96,46,49,20,61,87,21,64,87,81,86
2,61,47,9,24,49,98,64,93,38,77,51,56,47,32,42,98,9,74,38
30,21,0,97,95,36,91,54,32,25,31,99,57,83,99,30,72,10,71,13
37,43,2,13,15,30,49,91,12,13,62,19,90,91,61,34,23,30,28,24
62,67,15,51,99,64,12,39,66,80,29,89,62,74,53,13,18,8,30,19
10,46,9,32,82,33,46,82,44,9,4,80,67,77,89,46,6,87,28,35
53,35,20,45,55,9,80,54,93,4,36,46,56,60,99,56,97,34,93,90
95,24,27,97,22,73,39,87,71,65,1,76,0,7,74,57,83,92,33,82
99,71,91,28,79,12,61,3,25,72,88,68,19,62,95,42,40,9,22,34
56,27,88,41,99,26,72,25,21,77,70,22,36,23,39,25,24,45,92,64
96,37,25,11,24,56,87,32,98,54,29,12,85,14,30,98,37,93,84,30
53,97,85,30,30,18,58,17,23,56,22,83,80,42,52,48,99,26,38,20
40,67,13,42,66,37,68,92,36,38,84,22,38,42,76,0,82,48,20,41
22,2,14,14,37,7,28,11,97,97,10,11,90,77,48,72,43,48,37,80
10,98,0,86,16,60,97,35,90,80,30,46,21,30,78,29,9,39,40,32
47,43,31,47,61,30,92,49,92,89,90,44,33,51,68,12,25,79,91,42
89,59,97,27,48,8,84,1,27,52,62,11,86,35,91,52,28,83,23,21
79,58,97,87,92,75,43,82,81,98,90,19,35,23,92,51,88,98,12,49
80,56,42,1,61,86,78,80,47,6,52,69,36,10,86,63,39,44,29,50
22,37,17,32,25,58,35,79,20,91,39,96,49,35,96,39,94,61,17,58
86,82,7,9,55,3,30,59,14,11,29,87,95,11,60,79,89,13,42,92
16,10,4,84,27,34,80,58,61,45,33,50,58,92,64,56,63,31,33,69
60,90,60,91,1,60,61,20,43,73,11,98,31,99,1,46,48,17,57,63
54,57,65,6,33,48,12,73,58,0,67,48,9,32,5,6,28,75,29,47
69,17,67,39,0,94,79,96,24,2,32,23,75,11,87,42,77,57,32,2
26,18,1,20,28,33,89,54,13,29,21,56,63,86,18,66,40,5,55,26
57,93,76,80,95,52,15,1,52,84,70,2,24,45,29,38,34,60,12,53
2,49,43,95,83,88,45,96,97,7,97,99,14,15,91,76,0,80,73,48
27,5,1,12,43,66,55,68,72,84,37,23,9,62,27,55,92,0,75,43
99,15,70,98,41,36,75,94,79,74,90,27,10,81,74,41,5,15,61,55
38,26,34,44,13,79,60,30,73,86,70,36,98,96,61,88,44,96,96,46
66,3,21,57,20,17,93,69,22,6,43,47,53,97,2,11,49,92,45,0
45,28,57,69,10,6,5,23,14,37,53,77,51,77,23,79,6,90,90,26
85,47,54,11,43,40,71,47,95,66,60,18,82,50,40,43,88,45,86,78
35,28,60,7,56,44,52,25,24,87,51,41,9,67,90,88,53,56,88,83
92,77,55,37,98,26,10,25,9,19,36,78,34,68,43,70,47,81,96,53
21,12,88,66,75,31,39,10,67,52,49,56,48,62,47,13,33,53,30,50
79,48,35,69,3,7,34,10,72,30,98,16,42,42,83,99,80,86,84,87
33,31,6,87,51,41,83,67,30,3,11,85,54,15,23,49,17,70,56,22
93,14,85,99,16,77,52,49,81,0,37,66,0,72,68,58,32,81,0,17
79,0,82,44,97,87,63,14,80,2,64,13,90,2,17,41,19,53,11,38
61,37,43,44,80,80,51,96,98,43,61,30,58,15,96,9,45,49,70,18
0,58,39,94,47,1,24,8,32,22,17,50,17,86,55,9,45,38,26,81
27,36,9,50,89,89,14,58,41,0,28,41,98,85,54,56,62,62,92,21
5,13,39,79,29,81,77,13,13,29,10,78,96,53,97,16,85,58,73,52
51,83,63,11,47,24,58,52,26,66,0,79,59,8,14,21,92,29,54,28
19,14,49,77,43,52,10,88,96,43,55,60,8,48,81,64,56,6,30,24
11,21,91,20,73,18,39,40,17,60,44,30,23,9,77,20,64,42,17,49
89,83,90,51,6,70,96,93,42,9,55,35,77,15,6,98,99,31,73,10
9,84,43,76,97,98,55,76,30,27,6,68,36,39,67,94,21,1,27,26
28,84,21,90,13,29,7,24,66,16,62,24,81,79,47,46,77,74,17,93
37,80,43,91,76,23,53,58,88,84,66,85,87,47,37,63,39,11,61,91
78,31,85,91,34,55,44,19,0,0,54,37,77,28,70,64,47,10,53,44
69,47,9,95,72,86,20,94,71,45,33,23,9,10,14,39,86,87,73,69
71,7,72,48,19,25,78,76,27,54,9,4,10,90,16,67,3,45,6,87
60,0,43,40,69,53,46,28,68,69,14,3,47,58,65,96,88,92,7,98
86,63,90,49,10,91,66,16,41,64,45,62,29,66,2,26,47,95,8,46
92,88,68,7,98,91,98,94,66,95,21,8,59,75,76,85,58,39,92,93
52,55,81,86,41,29,15,73,9,15,6,5,57,82,70,64,8,23,37,57
43,90,37,19,21,31,86,59,61,49,61,64,22,33,91,4,30,0,53,77
64,96,85,5,4,36,53,15,34,98,88,2,93,14,20,84,77,40,78,5
60,52,18,62,65,70,55,40,50,98,30,29,52,12,58,15,72,83,33,93
40,27,57,28,88,47,24,43,1,18,13,13,30,89,85,45,7,10,27,78
12,74,52,84,31,95,90,49,81,38,38,20,76,88,69,60,39,12,95,83
17,2,26,34,1,49,75,97,10,92,29,71,77,13,54,2,42,3,99,6
86,55,45,56,65,36,42,1,66,60,32,63,81,67,83,97,82,86,59,0
25,37,36,98,25,18,47,36,39,31,59,20,40,97,71,51,4,13,11,60
70,54,65,34,24,21,3,74,99,86,78,83,56,19,79,17,6,17,40,22
91,36,82,37,60,44,43,19,69,48,43,72,37,20,9,5,81,77,63,23
23,53,20,7,58,95,0,67,31,1,37,99,64,53,62,33,79,48,9,41
56,22,14,69,93,8,17,77,60,47,35,68,92,36,99,94,34,83,27,35
7,80,14,51,64,72,24,80,74,98,68,98,46,10,31,5,73,14,94,13
52,5,43,74,64,45,84,94,81,76,62,15,90,62,29,18,34,16,40,89
79,33,58,5,73,31,86,63,53,38,90,63,8,19,47,90,98,88,67,98
68,25,93,58,9,43,48,68,40,90,27,3,75,88,20,52,16,24,36,15
48,76,84,70,59,71,64,98,14,21,31,95,77,52,4,4,29,57,94,69
96,60,73,46,23,27,53,17,88,44,26,59,76,70,93,48,27,71,14,26
91,82,44,98,74,24,54,80,8,93,83,90,52,40,24,57,54,93,94,14
17,40,9,0,99,32,8,73,91,3,52,7,23,68,51,40,49,86,60,62
26,38,76,12,15,91,54,72,61,19,58,42,10,2,17,38,39,67,5,10
84,50,89,60,3,23,43,75,67,42,73,93,68,20,28,72,72,86,77,51
58,81,36,46,31,12,6,33,36,33,59,8,30,5,75,33,53,69,10,84
85,8,87,80,64,59,88,63,60,78,23,39,44,89,3,94,68,39,48,17
54,6,10,33,2,92,95,54,72,90,5,94,11,77,24,39,59,96,90,96
43,26,49,77,3,31,44,84,56,66,11,66,3,17,42,9,84,9,35,66
34,1,8,30,64,59,4,1,30,91,68,46,2,87,18,50,83,65,76,34
40,96,95,4,76,21,89,7,9,50,11,94,37,27,40,61,53,10,6,54
51,80,0,85,28,61,35,14,26,20,2,68,87,74,32,74,37,10,84,50
0,61,77,19,6,59,52,55,42,13,35,26,36,0,0,36,28,34,0,62
73,21,98,9,70,46,65,63,45,85,43,9,67,63,1,64,93,83,70,85
96,42,47,44,48,60,6,46,13,44,6,46,50,89,1,27,24,56,44,99
10,22,66,72,70,34,10,57,76,19,39,20,61,89,8,93,22,25,78,33
68,92,98,10,93,99,32,33,17,53,48,72,37,39,55,21,2,31,69,5
33,34,24,25,36,34,22,77,83,87,22,33,88,14,11,98,69,75,23,65
64,45,29,31,1,18,13,62,48,60,20,53,21,14,75,61,17,66,30,75
88,88,62,1,72,91,53,69,66,89,66,64,52,24,53,52,3,36,57,61
71,5,98,43,60,69,28,74,39,24,22,62,54,82,98,15,5,82,41,71
16,43,20,76,44,54,37,53,26,10,37,39,32,11,21,24,36,91,29,39
35,8,7,54,33,14,81,83,89,9,91,15,89,7,6,19,48,70,3,4
74,6,85,16,77,69,11,68,31,6,11,48,94,97,71,7,27,89,62,93
15,54,47,88,92,32,40,71,3,87,48,49,41,26,43,58,41,97,18,96
87,89,50,61,48,2,86,91,21,71,66,78,53,75,39,63,5,67,64,58
26,75,29,40,77,34,91,83,14,65,4,78,34,61,34,75,46,93,31,36
32,84,13,48,77,52,10,94,10,64,51,0,71,8,91,48,10,40,86,57
98,41,36,99,65,44,8,76,68,54,85,45,51,93,53,67,53,82,61,43
98,64,21,99,49,51,87,36,49,79,77,94,29,65,53,57,91,87,70,10
34,22,41,9,33,21,11,95,28,29,64,65,55,46,7,6,53,13,43,84
77,7,36,67,87,53,94,4,53,41,97,51,12,41,59,39,14,0,5,64
7,54,65,58,61,31,82,62,15,7,79,19,90,15,78,43,91,17,73,94
7,0,27,55,93,28,37,41,68,79,8,77,43,73,77,35,97,44,42,43
87,93,33,57,68,21,20,20,94,95,98,85,1,6,9,77,66,17,67,16
15,49,66,64,56,56,89,23,1,11,0,96,51,38,7,47,16,38,14,24
94,86,74,40,36,48,48,82,2,15,85,36,37,62,38,90,76,64,67,64
61,92,16,43,29,31,41,64,9,49,2,86,73,93,98,18,27,45,19,43
3,61,22,79,85,36,68,83,18,96,8,80,3,72,82,13,15,32,30,55
6,37,19,95,2,39,20,57,18,6,40,73,90,29,42,66,69,78,46,94
64,46,54,74,56,14,17,53,70,69,65,38,49,89,41,96,73,23,5,98
92,83,93,58,86,44,82,95,81,6,73,94,45,60,86,76,10,18,53,47
12,1,59,16,7,82,18,12,54,40,89,70,54,51,75,50,42,12,65,77
82,71,33,31,61,40,79,17,10,84,99,17,22,92,47,56,72,61,75,9
43,81,32,62,1,44,80,3,6,74,48,15,58,90,65,7,89,20,8,11
50,84,84,29,66,81,92,20,0,56,88,21,79,70,96,1,19,74,21,23
60,30,91,43,61,18,47,13,49,84,83,16,79,69,14,24,95,78,84,28
66,40,93,78,21,19,36,50,69,12,31,26,42,74,49,44,12,45,21,36
44,54,24,56,12,14,21,2,6,25,0,99,84,41,41,49,84,61,27,88
20,99,99,30,42,97,63,8,35,18,57,82,51,84,65,18,53,53,32,97
77,37,24,28,23,77,74,59,86,30,29,77,68,84,72,96,21,91,80,0
1,10,27,13,60,47,57,54,25,58,76,28,70,58,79,19,83,14,94,62
68,41,88,93,42,4,41,32,97,67,21,15,58,5,18,65,11,56,87,77
80,62,40,74,66,56,11,49,74,10,48,12,47,17,37,77,83,78,53,23
12,61,47,89,41,82,38,1,1,80,63,28,48,59,50,96,82,98,38,36
72,35,9,41,44,59,75,21,44,50,85,58,62,14,73,28,26,20,13,29
87,16,75,35,94,71,32,30,75,63,6,19,34,83,22,59,44,73,91,47
41,3,49,70,98,35,72,91,51,45,57,90,35,59,79,89,8,70,0,69
93,7,74,4,82,57,50,78,90,87,73,69,81,21,17,5,95,16,87,64
37,55,49,83,11,8,3,76,54,42,51,9,98,39,46,30,27,33,41,18
91,35,96,70,66,42,74,49,52,78,79,87,94,11,26,87,62,19,95,34
48,34,27,4,26,37,98,82,62,5,21,81,48,44,18,27,52,27,8,6
48,0,26,52,86,65,65,54,64,56,52,93,21,59,78,64,58,53,99,59
74,19,95,81,3,47,69,16,48,2,35,52,63,83,1,23,66,71,61,96
33,38,39,21,70,88,78,27,26,88,62,37,19,24,94,92,86,29,15,89
81,82,97,7,16,22,91,68,35,36,91,15,15,31,50,76,24,74,23,63
62,13,65,26,0,32,47,14,5,81,36,4,98,19,1,72,66,46,10,62
33,20,56,60,12,8,50,18,8,97,34,1,20,6,88,91,99,23,86,65
38,47,54,63,3,53,74,46,80,67,62,49,84,49,89,27,38,76,40,0
7,54,25,97,70,99,48,10,59,19,22,36,34,51,14,99,5,87,23,26
46,69,23,62,65,90,29,98,18,68,47,26,94,12,69,5,40,90,50,37
8,67,23,28,81,51,24,13,33,24,32,78,96,47,97,70,8,98,42,59
46,51,53,96,19,33,55,92,89,54,93,89,63,16,40,97,89,96,4,37
72,58,51,52,14,68,23,23,76,87,69,14,96,41,98,65,68,45,41,81
82,8,95,15,1,0,10,3,2,97,59,7,18,56,7,21,35,37,58,59
58,49,87,68,4,40,51,65,72,78,7,20,8,13,20,71,7,54,91,93
88,33,73,87,47,62,63,13,96,46,72,4,66,41,19,7,0,79,71,45
50,8,67,94,8,23,27,54,23,98,14,59,3,85,89,42,77,74,26,29
89,97,87,14,3,86,95,85,10,95,55,65,58,58,34,83,64,99,87,97
1,66,53,85,63,66,25,60,57,36,1,5,96,4,57,89,47,94,89,12
87,44,41,92,84,21,42,62,74,32,83,58,29,52,43,38,93,63,36,59
23,96,46,59,20,37,41,87,19,86,94,38,77,70,96,62,43,10,91,65
52,99,89,87,92,39,44,92,5,32,88,12,16,86,8,24,20,56,72,31
17,7,31,73,54,17,35,79,80,35,68,92,20,93,65,76,99,52,35,3
32,72,37,41,95,31,99,41,54,32,64,26,63,68,14,61,84,8,44,40
76,2,78,51,68,35,0,66,46,29,47,9,89,55,42,93,13,3,41,55
53,8,41,83,71,0,92,50,43,77,61,35,67,90,69,55,85,92,78,78
38,70,43,31,28,36,4,82,3,56,37,25,59,75,89,65,39,64,2,53
35,28,82,59,70,26,41,46,40,53,4,17,25,94,36,38,44,39,4,94
21,21,75,18,17,60,44,29,22,70,85,54,59,99,45,86,20,96,2,69
93,26,65,66,34,73,56,74,21,75,8,37,61,83,52,89,70,18,79,91
98,59,88,35,84,4,23,19,75,97,74,31,22,76,78,22,76,97,15,93
35,9,85,39,89,98,82,95,71,91,64,22,60,16,41,40,77,39,32,52
24,82,32,66,85,25,69,81,50,19,32,1,82,52,81,80,19,99,64,50
31,75,51,29,90,70,26,58,47,29,58,25,62,81,96,33,39,21,98,57
14,87,58,63,34,7,89,68,85,88,70,51,21,96,48,21,77,9,91,20
9,65,13,19,24,75,79,46,87,66,86,3,68,43,3,51,75,3,66,8
1,18,73,86,5,63,16,73,32,58,91,12,20,88,9,55,8,80,6,7
47,40,45,67,48,73,70,78,95,99,22,22,91,16,94,24,76,64,64,61
42,90,33,65,23,22,79,64,60,97,98,0,46,65,28,38,83,81,82,45
80,40,5,62,38,51,30,61,27,28,29,51,86,12,17,30,20,96,6,87
34,46,6,32,85,47,54,64,93,17,44,42,35,1,45,47,55,49,82,19
58,49,10,33,22,60,60,4,56,22,97,8,5,85,87,20,22,72,99,19
79,6,94,76,52,70,24,53,17,82,6,94,11,38,15,14,82,29,29,4
2,66,84,36,43,9,49,76,22,65,43,17,47,30,98,28,32,8,52,17
18,9,23,15,96,78,78,22,89,69,18,0,80,98,81,68,58,48,62,57
97,99,13,36,63,71,23,14,69,73,39,94,67,20,89,78,16,6,52,20
89,22,4,64,87,4,67,88,33,94,90,15,65,52,57,80,65,19,78,12
66,6,64,17,77,38,57,17,19,60,46,23,15,93,2,16,55,44,62,62
81,48,35,16,81,90,15,87,84,28,30,74,11,27,12,71,81,50,35,25
38,7,49,6,92,96,25,62,20,87,82,87,47,78,94,25,46,12,79,37
80,51,26,65,98,97,4,27,74,91,64,88,90,32,74,2,80,65,96,26
29,19,50,87,18,68,8,71,23,91,1,36,8,70,63,71,11,15,15,91
20,34,21,39,75,83,84,42,90,27,55,66,31,41,43,47,38,17,59,23
89,83,83,55,56,60,2,9,90,65,37,10,50,4,96,52,82,43,46,9
91,50,18,75,26,74,52,51,38,33,50,79,58,48,69,75,76,49,23,24
47,12,67,7,12,50,90,16,99,70,51,80,5,20,35,19,83,4,96,21
64,84,69,16,30,78,49,11,43,95,54,83,50,61,89,92,51,72,3,37
90,39,86,36,58,66,76,40,26,73,31,88,28,22,74,91,37,72,85,94
7,63,72,69,0,96,76,15,1,46,55,26,62,59,4,34,69,67,54,11
8,61,32,41,47,25,28,12,25,47,34,77,36,40,9,72,82,34,51,45
36,41,75,78,35,1,7,75,40,71,28,61,86,67,3,18,28,3,18,29
85,21,73,95,7,15,66,29,22,20,12,80,78,93,50,60,15,92,36,52
40,70,36,47,45,7,39,20,13,86,75,50,82,82,60,8,6,87,20,58
19,99,69,79,84,90,45,24,30,69,17,93,79,1,83,98,54,74,32,32
62,54,62,11,2,8,39,90,44,90,78,86,62,85,36,31,42,48,43,31
10,41,69,13,45,15,34,26,58,88,94,85,35,23,64,34,37,47,21,50
0,12,33,68,54,53,58,9,7,50,30,94,24,45,10,6,8,5,21,43
11,38,1,36,62,96,34,29,81,48,66,73,60,75,5,89,40,54,22,29
82,41,69,29,58,5,62,84,77,34,9,64,14,78,46,34,50,27,96,23
65,84,21,56,0,9,83,62,42,87,84,11,91,62,37,19,31,31,0,12
46,56,75,17,35,76,53,10,38,10,15,30,59,60,28,20,86,88,23,21
89,64,32,78,68,18,52,68,16,26,83,67,0,78,76,43,89,83,7,16
13,6,95,18,19,1,92,76,74,72,63,58,5,83,45,89,78,48,14,25
26,32,45,46,63,91,8,12,50,37,95,34,21,4,69,62,24,9,31,35
59,80,69,51,79,81,90,46,30,37,20,60,5,11,30,81,51,81,1,88
72,24,19,30,79,75,60,85,30,80,93,14,30,12,6,93,42,53,96,8
98,15,52,57,96,88,70,55,75,21,65,27,30,44,45,30,71,63,76,22
0,83,6,1,80,21,62,62,65,8,78,55,74,1,96,18,63,96,30,14
60,78,41,58,87,89,21,20,98,8,23,63,98,43,32,50,17,52,89,90
48,80,93,56,46,96,36,31,23,47,86,80,54,96,88,41,0,77,57,15
82,7,76,81,15,65,65,63,87,98,75,68,11,61,96,10,40,86,94,58
27,58,7,62,58,50,87,69,9,90,15,88,3,54,36,94,11,65,3,97
35,61,83,81,88,91,50,14,9,39,86,73,66,13,25,48,64,34,5,58
53,77,40,95,48,90,40,87,90,77,23,99,83,6,66,30,79,21,54,51
35,96,87,40,90,13,69,21,34,96,58,24,27,10,40,71,45,93,53,22
28,39,32,15,5,6,44,49,80,45,69,31,60,44,69,40,36,1,86,87
3,45,3,22,10,55,20,35,34,93,66,62,90,90,32,48,98,53,99,21
2,32,63,52,51,95,76,84,85,3,89,50,38,85,31,43,27,79,38,25
87,69,84,99,3,5,19,21,10,62,42,88,20,44,25,88,64,80,41,82
70,48,84,77,46,68,50,14,0,51,66,8,94,53,8,25,22,0,86,3
68,89,18,43,31,18,32,19,69,40,10,60,41,22,4,93,71,28,89,86
88,2,11,55,7,90,27,76,60,46,67,83,77,19,66,59,64,26,18,98
14,20,98,84,13,98,89,5,50,59,72,78,23,14,42,15,99,18,63,67
5,53,91,70,78,38,4,1,18,13,49,7,54,98,96,62,21,51,7,34
28,92,63,94,18,31,13,13,23,27,98,5,48,80,16,88,70,59,24,15
57,16,56,85,44,4,15,43,27,86,34,46,21,6,92,39,73,23,30,37
81,50,34,69,82,49,56,47,93,13,94,99,40,20,65,86,79,78,39,95
17,40,16,44,78,68,48,99,23,30,2,5,98,75,2,89,87,76,61,73
36,65,15,32,93,85,17,72,92,50,61,99,44,53,70,70,45,22,96,26
76,78,3,35,53,83,74,52,80,81,68,41,62,73,84,71,86,36,11,38
15,48,56,18,58,87,88,64,38,7,22,56,4,19,91,25,54,69,88,69
46,33,50,82,67,98,97,15,95,6,40,88,13,1,93,59,34,50,57,70
39,4,40,99,63,85,22,90,54,90,25,6,99,84,37,97,60,57,52,51
10,70,48,89,36,58,61,10,25,81,67,23,62,93,72,20,18,35,91,69
11,25,84,28,69,75,71,67,87,15,98,76,3,67,97,10,13,46,83,59
30,35,26,88,38,23,87,84,43,44,20,11,13,8,53,69,96,16,69,12
51,18,34,76,89,39,59,6,71,72,88,34,98,98,37,16,28,65,90,59
75,61,12,47,1,59,11,21,32,2,48,22,17,18,5,40,11,57,46,77
58,33,62,98,24,16,52,45,66,79,38,55,53,75,41,22,14,17,65,59
65,95,30,33,83,46,38,75,47,74,46,74,20,75,62,56,9,16,50,99
51,21,0,30,28,67,7,75,53,19,39,27,3,80,30,80,72,44,65,67
96,58,35,26,29,67,10,31,77,11,42,0,24,10,51,95,89,99,28,71
83,10,26,67,31,64,60,79,10,76,23,4,2,10,67,67,81,26,5,61
59,35,18,97,98,42,27,80,45,72,4,37,4,48,9,68,60,25,88,15
18,27,38,71,87,75,33,25,82,82,35,48,87,5,17,62,71,66,15,86
33,96,70,24,21,66,34,77,83,89,39,1,44,34,1,30,24,92,16,91
87,56,47,4,88,18,9,11,85,4,99,4,44,52,16,50,46,99,89,37
85,85,5,10,39,36,18,17,90,78,74,36,29,31,91,80,53,4,10,16
95,36,93,28,8,42,88,78,44,82,56,41,64,75,71,8,47,28,0,98
75,73,31,82,43,7,35,8,2,6,15,59,34,63,70,34,47,1,75,26
63,59,66,88,91,1,40,79,27,7,40,66,18,16,3,77,81,1,70,62
85,78,2,85,53,5,68,67,10,89,3,8,26,73,57,10,78,62,76,7
96,73,94,81,56,68,92,44,28,29,35,70,62,19,51,16,62,43,3,81
9,41,59,60,19,25,68,10,46,74,76,54,13,89,24,97,23,14,97,17
83,44,28,18,61,82,50,46,78,23,5,72,68,12,86,0,68,32,13,73
13,24,58,1,63,36,18,14,15,57,50,77,62,12,83,69,18,47,44,77
31,71,27,46,78,46,65,74,38,54,7,11,98,56,58,5,69,29,72,64
15,86,62,13,9,94,52,40,21,52,45,18,10,1,34,63,18,71,22,99
73,52,68,75,97,55,83,87,80,64,12,56,10,78,70,60,52,55,42,12
44,72,5,25,63,21,40,34,86,8,39,28,45,66,56,55,69,68,1,84
83,6,28,20,51,79,93,22,46,93,10,65,6,37,98,59,37,2,10,88
2,1,30,33,55,58,34,55,29,42,8,65,84,95,38,49,81,32,30,26
45,7,87,84,62,99,14,21,86,27,21,69,38,28,50,18,2,77,33,63
2,65,40,37,86,75,88,66,48,89,58,62,48,42,17,20,57,86,32,57
41,26,53,12,40,55,38,26,48,72,70,14,82,62,59,90,43,57,84,79
11,43,87,43,95,12,59,71,49,80,54,78,97,74,10,30,45,51,78,99
32,29,62,13,70,0,86,80,8,66,27,97,70,29,76,17,97,54,14,41
29,19,5,38,74,41,46,41,95,67,47,67,8,67,99,53,19,89,9,82
2,96,84,32,85,17,43,68,54,50,61,54,7,26,53,5,56,42,47,81
64,90,54,87,56,40,19,59,38,23,26,78,11,99,54,48,83,53,77,92
88,65,78,19,40,8,7,59,40,26,93,97,6,33,8,12,14,95,19,77
6,90,81,91,29,68,1,53,88,68,74,83,8,19,38,52,88,94,23,8
76,35,21,61,97,28,84,27,98,98,59,0,14,73,62,28,58,31,1,94
98,1,74,51,62,17,33,15,13,44,86,55,1,2,91,74,54,81,18,86
78,65,28,71,14,67,13,23,1,8,95,90,71,13,29,96,95,39,23,0
97,92,30,66,52,26,90,60,40,68,69,92,34,80,50,7,80,11,82,78
74,55,52,85,11,21,18,90,0,56,58,47,74,17,86,19,85,15,15,49
72,68,15,97,71,68,79,54,12,76,4,16,69,33,89,81,36,85,7,80
63,60,33,86,71,57,26,90,15,16,63,59,58,61,2,62,30,69,40,30
5,40,52,34,36,76,45,26,46,49,40,56,29,50,0,20,11,41,39,16
54,13,12,34,43,90,64,90,55,62,52,9,15,67,71,19,58,26,67,36
65,80,61,38,22,5,27,64,58,9,5,19,29,81,70,0,14,92,86,54
4,19,77,0,19,14,96,89,6,2,0,92,79,21,85,13,17,16,1,48
73,64,14,93,9,24,37,25,63,56,56,43,95,87,41,21,31,26,91,76
66,54,83,43,92,33,18,65,41,93,4,87,98,55,81,13,97,53,26,24
80,39,16,85,98,8,30,78,45,49,31,44,87,41,0,82,19,90,24,90
60,9,81,28,69,97,94,23,0,12,41,56,81,50,69,92,87,85,8,25
76,68,75,82,74,79,51,19,3,26,83,2,63,52,76,91,37,53,64,56
33,82,72,46,48,69,69,85,92,27,69,32,21,23,94,2,29,67,97,15
6,73,32,84,47,39,89,52,34,68,53,49,79,55,42,78,6,77,86,42
98,85,23,37,83,65,67,1,93,6,35,36,82,15,37,89,98,97,80,47
48,94,72,6,60,92,73,87,30,88,67,15,99,52,23,30,56,78,86,17
56,12,75,24,81,90,67,89,12,6,56,65,20,24,5,92,48,0,41,28
89,28,47,51,2,51,16,10,81,76,11,17,21,17,55,71,27,15,60,55
55,83,73,23,33,77,13,87,83,95,64,47,36,91,8,12,70,61,97,5
68,88,45,46,58,21,22,51,48,16,5,99,68,9,16,61,8,97,27,36
72,15,28,90,52,37,35,22,47,0,24,80,14,66,94,37,57,48,87,10
66,7,59,34,93,65,69,34,54,86,62,58,68,52,1,93,32,1,11,52
54,73,21,81,52,51,11,75,1,85,40,89,22,73,54,87,35,13,8,34
43,17,3,78,7,1,8,20,82,0,91,98,64,96,40,43,54,35,65,32
80,28,5,22,54,38,47,60,65,65,62,98,42,58,98,3,4,3,61,54
57,89,83,94,60,38,17,39,71,28,28,8,94,44,75,54,92,83,90,66
15,85,95,14,35,42,56,13,74,52,62,99,23,79,71,42,48,31,41,47
63,37,46,95,99,60,32,93,12,26,51,54,49,51,54,11,41,83,29,73
9,84,53,70,47,37,81,18,54,80,45,45,21,29,36,78,45,76,71,74
19,90,99,22,1,96,14,28,30,77,18,82,85,4,64,44,38,92,74,56
74,60,12,70,19,77,80,6,76,98,56,79,19,91,73,93,42,85,78,56
34,75,70,3,15,55,73,16,16,3,87,51,4,30,97,76,34,53,37,84
60,74,56,2,44,38,52,64,97,83,19,49,99,12,38,94,52,6,63,29
65,90,15,86,21,67,5,42,36,66,34,78,73,88,59,92,13,24,55,10
26,54,66,97,88,47,2,0,49,33,62,90,23,49,2,26,42,98,70,17
36,11,22,62,17,74,4,52,30,57,21,6,97,30,91,44,34,56,31,88
38,61,43,81,56,53,85,88,31,45,73,99,28,38,11,99,76,97,15,97
81,32,71,6,57,42,64,63,35,46,56,59,19,24,54,30,4,8,63,83
86,27,9,49,53,98,79,83,41,10,98,91,88,85,0,25,25,46,12,2
50,5,98,54,13,0,99,57,53,70,2,49,43,88,49,2,25,49,50,2
55,99,27,56,83,38,75,51,45,57,67,75,92,40,60,41,91,32,32,34
76,79,55,20,75,58,46,45,16,11,13,51,48,95,58,85,81,7,83,52
35,70,75,66,22,20,51,28,13,53,59,6,81,50,22,59,8,69,61,30
24,34,93,92,8,55,96,41,35,58,91,12,2,31,21,4,80,69,99,78
65,66,87,67,17,16,53,31,49,89,41,49,53,11,29,94,86,1,60,20
66,33,30,73,23,65,40,69,29,64,9,95,64,1,69,8,56,39,0,81
13,92,52,12,7,35,13,83,17,77,51,34,3,54,36,40,74,28,68,51
82,81,78,35,96,37,73,85,77,9,66,37,46,16,52,16,48,68,69,55
42,79,1,48,81,39,10,54,53,60,74,4,73,18,65,82,47,29,27,15
64,87,65,71,15,66,1,22,4,33,67,52,45,95,15,27,49,0,75,71
5,6,39,44,60,33,14,81,39,94,66,61,9,94,98,91,60,74,41,17
8,40,37,51,83,9,55,90,67,35,76,92,24,22,32,33,97,85,37,18
13,24,66,11,94,89,56,53,26,98,92,65,41,49,48,16,32,70,3,9
24,30,44,37,25,80,14,16,7,54,49,5,61,57,61,69,68,23,10,31
48,21,21,50,39,27,39,87,37,5,54,3,42,25,53,3,71,56,51,42
44,6,85,63,46,45,98,9,94,69,31,35,20,63,71,82,24,11,86,62
67,39,87,99,46,87,65,76,7,62,5,90,64,44,23,30,55,30,74,70
81,94,84,81,91,57,49,89,71,52,51,91,13,15,15,83,97,91,60,35
73,18,40,26,58,79,99,64,78,55,39,28,17,85,84,20,28,75,73,47
96,51,82,12,88,98,25,84,31,1,85,22,32,22,60,0,25,90,10,87
69,17,64,91,28,2,24,8,58,86,58,30,89,41,21,50,28,11,77,13
77,86,14,92,12,53,75,53,32,38,9,50,88,14,75,58,46,94,10,99
87,32,69,22,22,85,96,19,65,29,74,64,57,77,54,19,90,25,61,1
56,56,76,45,11,60,1,41,37,23,10,96,80,81,72,23,0,76,42,44
50,13,11,53,72,25,87,70,60,10,63,43,42,84,49,7,19,52,79,88
82,3,31,25,36,40,89,54,69,4,76,93,15,67,61,94,78,4,25,56
41,60,39,68,62,86,8,20,50,1,98,99,13,93,2,21,15,85,44,20
14,39,16,22,87,8,98,16,9,99,33,43,80,38,37,21,0,39,64,19
89,47,86,62,63,67,44,70,28,35,41,2,15,25,8,12,79,80,35,4
90,44,5,77,36,13,18,58,62,3,69,55,86,5,27,38,37,96,13,36
8,97,50,39,46,97,72,6,15,62,56,86,82,20,95,52,57,13,58,78
82,1,30,64,99,85,16,63,52,27,3,5,3,14,18,74,88,32,62,47
50,59,15,60,57,38,68,46,76,67,27,9,49,79,28,89,70,83,42,41
26,63,54,46,67,69,66,75,66,19,3,54,56,65,61,91,21,49,50,81
72,90,59,60,70,88,83,59,55,66,26,23,13,84,74,39,91,82,74,73
92,97,23,74,52,21,53,60,2,17,54,94,42,9,1,41,50,42,64,72
28,53,25,84,92,92,3,14,46,89,62,4,81,57,16,42,89,30,53,63
24,79,56,39,74,63,44,82,46,27,57,41,24,92,71,41,85,41,63,71
82,30,72,44,41,48,91,36,69,23,60,46,17,63,48,43,71,19,6,3
19,40,39,68,88,17,74,17,86,70,97,96,78,24,64,86,74,49,98,4
93,15,89,56,98,89,86,0,67,28,93,2,1,16,84,37,45,7,49,95
10,76,35,3,3,45,10,49,0,36,9,97,55,14,37,6,78,50,64,72
26,81,84,34,55,72,11,76,45,78,55,0,44,8,55,19,38,81,5,79
65,82,85,13,52,48,7,90,56,22,13,64,97,14,63,93,57,60,64,4
10,86,71,95,69,74,58,50,83,29,40,72,6,32,40,77,54,94,33,46
30,57,96,31,58,13,56,29,5,36,42,56,10,16,65,93,91,61,44,98
62,64,82,36,62,73,26,90,14,15,36,45,31,27,71,36,38,71,43,98
54,21,64,4,57,73,73,53,23,76,90,7,63,51,53,48,72,39,7,13
22,51,8,75,71,22,1,63,90,69,84,2,24,17,77,25,26,72,74,57
84,22,49,35,22,54,24,78,15,25,52,99,90,51,31,63,40,59,49,42
8,44,12,65,65,83,73,62,31,27,93,65,36,59,50,90,14,9,68,25
88,27,98,69,33,6,56,46,29,89,0,43,90,84,90,25,91,72,36,7
87,48,69,34,99,2,8,94,83,80,46,31,47,87,73,18,63,27,48,66
50,39,28,83,55,40,12,34,5,50,81,4,1,56,25,97,54,5,36,86
33,61,75,95,25,46,0,56,47,56,46,64,1,44,98,22,37,57,70,44
98,36,58,96,22,59,67,64,47,15,18,17,66,39,30,38,81,12,30,7
4,60,64,16,94,63,36,73,23,13,51,24,29,8,49,77,28,47,19,92
46,51,67,18,82,56,47,98,67,93,35,42,36,70,1,59,85,21,13,25
83,39,39,34,8,51,12,65,89,29,24,93,37,48,84,32,1,3,91,74
42,93,46,92,18,0,26,85,32,65,84,63,48,88,33,0,30,59,23,17
50,91,47,83,46,14,60,2,17,13,55,21,89,93,9,68,60,41,40,33
73,56,30,45,28,10,51,88,87,94,52,13,82,71,34,17,13,38,12,76
93,41,24,63,36,30,27,79,78,41,71,78,31,63,88,59,56,0,46,75
98,52,44,85,50,14,82,91,80,33,87,54,35,77,7,64,11,55,26,90
38,7,79,0,16,83,39,89,42,74,87,40,87,56,28,91,40,60,89,52
52,84,30,99,59,14,6,48,47,97,13,43,71,45,56,78,54,90,35,77
29,22,8,90,63,94,98,66,87,19,3,92,36,59,29,62,47,68,68,29
85,8,37,1,80,3,55,80,32,57,65,68,90,26,69,8,92,8,35,2
6,70,50,20,1,99,57,18,63,58,29,21,37,65,23,76,77,99,50,37
89,84,94,11,47,57,43,69,90,33,6,29,95,29,28,66,47,45,79,4
0,66,90,1,1,75,80,40,88,76,1,68,36,87,90,21,10,82,11,97
21,32,14,71,99,79,60,94,5,89,51,56,19,5,0,74,64,14,40,3
10,35,29,87,31,0,75,48,3,62,33,46,46,93,6,40,21,20,83,83
81,72,18,0,22,34,88,44,69,37,74,51,24,83,52,11,47,74,80,65
50,96,83,43,48,6,64,32,43,59,74,96,49,50,48,76,15,4,37,90
95,0,96,71,7,15,37,44,48,27,4,6,63,93,53,95,25,77,85,79
42,55,93,52,81,60,41,9,76,11,59,85,31,62,89,87,89,6,75,43
67,39,49,5,22,87,3,73,84,82,11,11,8,2,27,55,47,35,83,64
75,74,22,10,72,95,85,93,49,26,38,26,46,60,69,37,2,85,89,76
85,29,62,23,86,64,49,5,23,47,9,34,71,69,70,94,70,99,24,11
43,55,15,96,48,8,56,75,74,11,87,47,37,27,44,82,79,1,70,38
62,53,94,0,98,39,58,97,50,8,11,96,45,96,0,13,45,2,69,63
58,32,67,12,61,32,82,53,61,18,68,53,4,90,70,14,59,88,14,19
20,71,26,88,84,32,52,66,45,30,51,68,29,46,2,80,58,18,99,98
91,45,3,89,92,99,12,50,47,15,47,44,16,25,20,8,12,68,75,85
35,61,98,21,11,46,70,55,53,24,54,10,79,2,75,47,5,11,71,93
57,0,16,24,58,12,51,78,79,86,82,46,58,94,11,59,12,27,10,74
81,0,56,87,13,76,28,50,75,31,15,76,27,36,0,50,90,36,87,0
10,19,84,14,37,31,20,90,13,16,64,32,71,8,26,60,62,70,75,50
60,15,68,45,86,93,76,61,69,65,2,60,76,68,95,36,19,43,33,46
66,53,10,42,4,50,0,79,3,78,89,19,94,62,26,2,87,75,67,49
68,12,26,63,92,18,76,84,84,5,26,78,25,7,85,45,77,46,56,26
90,0,55,81,17,73,91,32,14,97,11,92,39,9,83,74,19,92,14,39
85,2,59,43,52,11,45,9,30,22,75,24,68,91,2,18,95,0,58,2
38,66,85,13,10,84,43,64,92,88,57,38,3,65,2,60,67,17,12,87
87,55,81,61,92,93,61,41,6,81,95,35,37,73,73,82,8,35,18,13
45,40,27,21,93,31,87,5,15,12,81,22,71,47,88,43,98,31,34,52
65,59,57,36,92,16,4,40,70,42,84,67,24,71,4,63,51,1,86,90
53,38,96,97,48,33,93,48,11,85,62,84,79,89,93,84,76,34,49,60
18,0,51,3,16,76,83,85,39,72,73,0,5,40,2,51,11,2,26,70
17,72,34,38,32,66,75,94,43,67,13,87,25,89,80,65,70,42,14,17
7,18,81,61,86,37,27,11,29,68,64,75,28,75,58,40,98,95,23,40
98,62,42,26,46,74,4,1,23,4,94,67,81,30,79,58,18,67,78,81
17,5,66,60,67,79,87,81,19,46,43,98,25,88,77,33,67,61,78,83
2,25,9,82,52,48,69,78,24,19,9,1,0,34,81,75,79,75,74,32
18,47,17,87,8,87,57,71,75,30,85,53,34,9,28,27,78,83,1,0
24,63,3,64,72,23,97,78,94,66,89,60,64,82,12,51,28,8,53,86
65,52,32,18,16,59,60,70,31,80,21,34,48,46,92,77,84,86,67,25
78,18,74,28,32,95,52,64,62,49,53,41,7,48,46,48,75,18,20,82
97,61,86,77,63,95,4,90,90,96,52,32,74,0,69,23,52,46,43,60
97,56,33,26,8,27,65,87,24,11,34,25,42,93,8,74,18,71,77,50
97,34,71,40,28,46,44,67,25,27,41,23,4,44,10,68,83,8,42,58
54,22,9,38,49,75,85,89,1,92,68,15,55,59,89,99,46,76,89,39
67,56,67,70,41,77,82,54,95,81,4,69,16,12,9,3,19,4,94,42
91,28,38,79,37,12,82,27,71,4,9,49,40,35,39,2,36,60,85,14
41,77,7,37,33,8,23,56,60,8,65,88,6,85,44,16,28,93,31,67
79,14,95,79,94,96,27,51,9,66,94,37,85,10,77,33,66,87,89,11
18,31,17,42,96,42,5,48,30,79,53,61,77,87,60,3,43,57,56,60
18,11,63,35,15,89,86,96,50,7,50,78,86,93,96,74,90,76,14,37
79,16,22,56,10,20,24,90,50,65,80,83,53,8,68,87,32,39,36,2
37,42,21,10,82,86,76,64,27,6,96,92,16,49,95,37,26,81,57,62
35,23,99,5,31,1,18,86,34,95,39,36,66,21,12,50,73,31,6,96
11,22,4,15,17,55,83,35,90,50,35,53,98,2,94,98,0,47,68,29
71,90,10,4,73,16,99,8,89,73,90,54,15,29,88,89,6,70,46,29
11,54,20,7,7,92,59,79,53,13,60,88,65,45,12,51,65,29,39,7
44,11,79,24,31,37,59,72,70,99,96,16,43,68,85,12,76,29,18,11
94,22,27,46,49,8,20,5,12,44,96,6,70,71,14,1,84,59,53,97
45,99,13,75,67,47,75,75,7,87,88,16,87,94,60,64,70,79,37,42
56,87,90,78,13,69,89,57,82,74,31,51,85,42,19,68,75,38,49,72
78,78,44,64,67,39,85,85,59,13,35,56,18,43,60,61,28,60,62,72
40,59,80,77,37,45,21,75,64,69,82,51,5,2,30,20,4,99,8,75
76,17,19,24,97,91,55,78,75,68,6,75,57,34,37,43,32,86,75,72
30,70,55,90,21,49,49,10,39,51,30,60,17,45,11,2,28,74,38,18
60,17,63,48,6,36,91,22,51,24,8,52,46,18,33,4,80,72,70,87
24,33,97,60,77,58,5,97,98,99,46,31,2,93,85,80,71,1,81,37
10,3,14,51,46,41,41,74,87,93,57,40,18,49,16,19,97,76,17,38
25,74,81,40,54,96,9,14,52,10,27,46,65,36,83,39,95,29,92,96
94,74,25,70,12,13,93,4,27,43,67,78,22,99,94,48,82,73,40,26
31,0,79,69,12,13,72,87,78,91,27,67,74,78,92,28,44,46,45,53
46,37,76,53,74,17,6,98,86,43,35,62,36,13,63,85,36,53,32,91
12,18,39,32,77,41,12,45,40,11,95,4,11,66,98,7,55,91,23,83
53,90,22,2,37,99,3,87,56,13,35,18,78,7,84,21,31,25,40,69
45,18,98,23,26,36,74,36,59,88,23,73,57,76,93,36,75,30,84,93
36,46,73,81,77,48,14,34,94,74,48,84,20,69,56,78,92,55,15,29
12,36,3,97,68,56,46,62,66,93,69,95,53,54,66,95,68,87,96,84
73,62,18,35,24,62,89,11,29,85,8,44,22,29,55,18,28,58,39,4
99,7,36,44,98,10,19,44,60,86,32,36,49,65,43,17,62,97,93,43
24,67,47,23,28,38,73,26,87,46,60,38,61,2,3,27,59,41,58,73
28,77,26,84,40,82,8,79,56,5,14,93,76,45,25,42,80,24,88,27
91,84,32,36,25,45,6,47,45,70,31,31,15,62,40,59,24,82,19,25
81,14,69,66,28,35,13,66,21,41,4,82,30,47,58,26,7,90,57,16
52,59,31,90,79,53,22,3,96,46,64,79,79,62,72,81,6,22,77,14
20,61,19,6,28,49,56,14,65,91,74,74,15,73,71,12,78,39,2,92
91,0,58,60,1,58,8,15,45,55,85,91,80,57,47,79,61,89,23,57
89,37,41,65,8,42,13,98,19,72,99,33,61,60,86,44,41,45,81,34
75,40,33,46,27,34,82,49,92,11,57,66,27,5,14,46,98,78,45,91
97,28,88,67,13,45,80,18,99,97,41,66,16,71,24,86,17,51,2,82
19,59,73,56,20,23,5,19,28,87,26,95,87,93,10,45,54,92,77,3
0,71,73,57,10,19,93,77,4,52,86,79,19,51,22,54,3,36,46,98
97,35,82,62,35,34,76,5,11,85,41,23,95,43,88,76,61,17,93,74
12,85,39,10,84,84,58,56,71,12,50,82,67,91,45,26,68,69,92,29
96,81,32,70,0,30,90,74,57,19,48,96,71,34,47,57,90,51,71,35
23,42,56,78,56,79,26,69,26,39,0,74,37,31,73,70,95,72,39,61
96,67,14,60,23,30,39,89,31,73,35,37,53,76,31,17,77,50,92,87
78,90,38,48,1,14,25,69,65,32,20,64,64,91,56,69,16,75,49,7
0,57,25,71,68,92,38,25,54,75,17,47,32,58,51,70,67,48,50,7
5,52,7,95,99,3,14,40,20,33,0,9,23,41,45,56,79,36,14,23
71,32,46,62,17,54,84,15,91,42,18,2,42,44,70,9,62,14,95,5
33,70,57,68,37,22,94,41,53,98,20,87,75,11,12,40,59,78,18,18
50,22,2,91,9,84,92,2,6,73,45,19,51,76,84,62,11,16,38,40
19,22,1,36,36,50,29,5,44,88,62,64,53,61,67,26,66,4,60,5
4,67,22,34,11,1,39,57,56,52,86,82,63,62,10,49,0,86,45,64
90,33,11,53,56,85,14,76,47,74,93,12,85,84,12,79,82,65,87,8
46,42,46,27,32,73,18,33,67,49,83,90,91,63,35,92,91,83,22,44
85,10,51,9,94,33,59,68,20,71,79,30,35,65,92,20,71,63,35,37
98,68,77,59,38,8,59,81,94,24,43,12,16,76,14,70,50,55,66,98
82,81,21,43,58,35,15,95,82,61,38,49,1,92,67,17,51,67,33,98
44,42,28,76,13,64,54,49,12,44,76,85,0,65,74,40,60,70,83,31
13,70,70,21,32,90,45,10,81,1,92,85,69,5,43,48,21,95,63,95
28,60,71,17,34,33,85,99,6,26,10,5,2,2,34,6,14,88,27,88
55,76,74,86,0,4,82,31,48,75,20,3,27,13,19,94,59,45,28,22
36,28,89,76,90,64,30,88,20,3,11,91,34,69,63,7,9,49,67,21
93,0,19,43,36,85,5,49,38,51,75,26,72,88,79,13,4,84,51,41
53,85,73,6,72,38,74,62,32,68,25,21,17,91,0,50,25,32,23,82
80,4,63,89,22,19,61,92,22,68,20,71,97,24,68,76,83,59,59,47
8,1,75,82,13,46,89,9,51,63,48,26,19,56,14,12,63,74,35,7
48,97,31,51,17,7,23,30,77,41,21,88,29,74,51,54,9,86,44,56
0,83,87,75,5,88,63,31,91,94,90,71,98,27,83,39,36,51,20,21
34,41,73,36,31,91,7,14,10,30,29,60,7,64,70,65,73,3,0,12
4,67,75,61,16,42,19,45,24,49,42,4,87,66,16,65,97,85,71,76
63,75,82,56,4,57,9,45,95,96,95,22,62,72,97,89,6,36,76,41
83,56,38,68,47,35,2,53,10,59,40,94,85,99,58,70,67,3,14,54
18,42,10,69,26,32,1,82,87,22,24,60,62,63,81,28,34,1,7,43
63,51,93,0,2,49,21,43,15,87,51,91,61,61,91,56,10,86,81,98
83,31,35,84,79,75,78,59,18,70,70,37,20,27,53,9,32,18,53,53
49,88,51,0,52,97,22,30,7,95,32,70,48,76,11,65,53,53,38,17
54,17,93,36,78,65,99,47,96,97,40,27,1,97,64,26,76,25,36,72
27,43,23,29,21,10,13,89,4,18,16,1,30,34,58,16,12,86,65,22
2,89,52,63,95,70,62,35,50,42,40,18,52,50,85,19,2,49,55,8
20,71,15,26,38,23,19,29,2,33,4,10,32,88,87,3,19,14,3,55
36,93,88,58,32,30,45,99,28,40,34,72,54,31,53,78,7,79,73,92
27,98,21,3,83,52,40,74,78,3,89,89,90,18,67,35,36,51,22,22
97,68,5,94,8,20,24,85,81,12,36,95,35,30,83,42,99,57,65,13
23,9,0,19,28,30,42,78,27,96,97,14,36,25,53,6,10,38,59,34
30,41,67,8,29,8,74,27,6,99,23,64,76,7,48,84,40,35,5,46
93,64,37,71,89,27,45,7,63,87,16,98,87,8,67,45,94,87,45,13
77,59,41,34,63,2,56,49,8,3,70,90,9,86,96,51,55,19,20,92
70,64,96,28,39,28,46,65,10,56,88,90,38,10,61,55,8,2,47,36
82,0,82,28,71,25,51,11,35,92,73,72,71,43,26,17,20,90,62,69
0,41,46,59,3,98,98,10,11,3,6,31,72,77,59,72,42,83,55,1
49,27,76,25,72,96,12,73,42,47,52,95,50,39,38,89,18,39,64,31
98,89,88,64,27,40,9,27,4,17,46,26,84,75,29,83,30,43,38,86
85,9,11,77,83,67,44,21,93,3,96,48,10,51,42,83,75,7,5,67
65,92,19,24,81,69,99,44,51,86,21,86,13,3,24,81,98,12,66,87
69,16,90,33,41,95,9,79,26,38,97,40,0,66,82,28,98,48,65,8
20,59,19,75,20,43,26,30,35,68,1,22,63,31,46,5,71,22,82,98
10,30,53,64,95,87,33,81,23,80,8,46,9,16,13,20,35,94,65,47
57,97,90,41,67,29,42,92,56,8,8,43,43,32,90,57,95,45,98,41
38,95,76,27,38,76,97,25,34,84,42,65,63,9,66,80,98,65,89,84
50,33,69,73,72,57,37,72,82,94,87,50,87,25,85,88,8,17,32,46
77,17,4,52,98,96,35,60,20,78,11,3,44,6,69,83,28,56,93,9
93,51,8,29,79,79,39,77,87,78,9,16,69,49,51,52,6,44,90,66
78,67,62,48,27,43,86,64,47,59,23,44,73,98,4,31,85,18,49,87
10,31,79,7,11,45,41,53,86,61,78,90,80,33,13,26,60,45,47,52
51,41,29,57,69,2,91,34,50,57,65,40,25,93,75,97,20,4,80,32
6,33,80,84,16,32,19,31,68,41,28,58,27,36,22,23,27,41,12,16
67,73,48,21,88,78,24,12,21,93,89,86,18,83,63,40,0,80,75,39
60,94,44,71,59,74,3,78,19,47,28,73,78,32,7,50,71,9,46,68
13,53,66,24,1,34,99,11,3,21,75,70,45,33,97,11,81,95,45,59
50,57,95,43,50,28,18,72,76,49,31,7,62,63,49,4,52,3,74,33
14,45,20,16,17,36,17,34,31,83,62,78,95,6,88,86,87,10,25,71
12,33,67,16,94,73,42,98,30,88,71,25,76,59,30,51,89,98,58,40
3,57,3,33,4,98,44,6,38,51,48,78,64,55,71,40,83,98,5,20
95,56,6,28,71,20,17,55,95,65,68,16,64,6,40,41,28,91,99,5
99,55,71,93,15,37,9,40,44,17,29,54,41,35,91,70,8,91,61,15
15,84,69,47,24,48,0,15,19,58,10,20,64,31,51,62,67,70,40,96
71,37,89,91,79,40,0,33,30,74,82,21,83,93,46,61,90,88,61,94
65,99,48,6,27,82,58,71,99,62,67,61,49,3,75,79,86,61,73,53
41,49,47,46,22,9,96,28,20,78,71,94,79,50,31,10,80,1,40,84
69,26,65,48,44,55,85,33,37,76,76,9,33,20,33,84,59,38,23,97
73,25,47,8,18,41,36,53,39,20,82,74,37,98,48,52,48,61,12,59
43,93,81,8,13,11,53,88,83,93,0,62,15,67,53,14,17,25,82,93
0,13,3,76,40,78,21,90,67,27,34,46,28,89,92,3,2,59,2,18
80,23,83,50,89,7,4,33,19,72,49,30,80,12,70,17,43,44,38,50
72,63,52,96,23,88,45,5,7,8,78,2,18,75,76,31,64,40,84,48
80,10,82,85,74,57,39,27,78,60,1,16,34,62,42,29,57,54,50,48
1,2,13,9,94,3,76,97,65,28,39,95,63,88,63,96,74,13,62,95
46,50,51,92,21,21,88,75,10,33,16,69,72,80,28,15,44,36,88,47
90,98,11,2,33,70,78,28,9,4,45,57,28,55,66,70,30,32,87,62
82,28,32,85,51,70,79,45,4,6,21,9,40,51,21,1,36,85,3,31
73,5,89,36,2,97,74,15,62,23,4,67,67,5,1,25,48,93,67,66
39,87,37,43,98,26,91,64,69,55,27,41,66,4,75,75,41,56,44,89
65,86,22,13,78,29,36,33,26,47,26,39,7,44,64,72,96,6,14,45
42,48,78,74,38,60,2,41,44,43,64,86,94,79,59,82,2,9,89,62
49,42,86,84,23,78,22,45,17,10,8,70,73,49,4,11,89,80,94,64
25,62,89,99,13,91,11,55,82,60,23,80,23,1,72,89,69,24,14,19
52,2,98,13,19,47,75,96,90,31,63,41,60,21,62,7,56,93,73,26
55,65,86,58,94,40,73,64,9,6,29,44,1,56,25,17,95,68,68,28
44,25,38,74,78,38,35,45,57,85,42,67,17,61,89,15,98,18,77,46
43,25,59,87,49,30,70,94,64,28,86,12,57,64,51,99,10,48,63,22
50,39,20,97,56,6,63,59,58,33,95,59,49,90,69,15,59,11,69,30
4,86,83,47,42,19,94,5,19,18,78,32,54,49,38,34,17,34,25,35
73,83,91,37,23,68,92,72,24,98,51,42,90,25,4,53,46,42,66,62
64,32,10,95,8,54,19,15,96,55,72,22,96,64,67,1,98,25,24,68
30,27,81,72,99,56,40,47,47,95,7,90,58,22,37,30,83,81,94,98
97,56,90,92,81,4,8,64,29,70,8,7,53,14,22,13,62,97,41,72
4,87,22,77,80,48,8,11,96,41,55,67,23,58,63,53,38,45,44,62
19,48,76,10,70,0,94,45,35,45,60,8,75,33,52,1,68,88,75,54
53,76,14,47,44,13,64,19,0,88,6,6,14,80,18,37,54,98,60,22
17,35,15,91,16,95,4,3,6,36,47,1,36,82,97,69,42,10,92,79
98,93,55,81,15,80,64,82,44,65,67,64,47,11,91,14,40,18,69,33
72,27,70,38,16,95,32,11,32,58,6,96,59,4,19,79,83,84,31,83
54,21,96,23,92,11,73,10,15,4,49,65,76,31,87,35,42,83,29,22
11,28,57,88,75,53,72,5,4,22,78,21,47,81,24,64,71,83,66,38
14,19,30,40,19,39,58,93,50,96,94,54,41,6,67,27,55,24,50,67
26,77,46,83,82,87,96,6,95,19,57,38,26,49,47,34,43,0,10,82
26,21,29,74,7,34,24,0,33,80,80,12,49,2,48,30,94,41,53,54
3,96,78,54,63,64,70,43,81,99,8,33,14,73,90,5,73,46,37,56
22,44,53,38,18,61,89,97,58,17,24,97,3,51,2,84,46,14,58,56
51,27,48,54,58,35,57,52,15,24,20,90,23,56,61,88,45,39,55,11
53,58,69,28,45,82,28,18,5,34,88,31,20,47,4,70,59,3,70,58
1,28,4,33,13,42,82,33,65,14,43,34,3,11,14,99,40,47,82,4
73,12,88,2,60,29,93,64,16,24,7,17,36,87,73,68,10,44,61,85
26,82,87,47,98,95,7,61,83,82,77,39,1,85,45,72,64,87,91,63
17,31,61,48,50,31,9,85,71,37,56,26,37,55,4,42,72,25,21,32
47,37,70,0,27,92,73,4,47,69,55,36,35,80,71,3,35,81,85,84
51,99,79,14,41,64,43,67,50,72,99,23,89,79,32,97,92,78,56,84
77,17,98,45,79,63,18,50,48,10,68,81,40,50,53,82,57,29,84,36
17,69,89,14,7,62,99,36,92,40,53,3,67,19,81,67,55,93,54,10
66,89,97,10,16,62,59,49,99,65,42,17,82,53,9,50,2,21,60,0
7,0,94,83,37,7,1,80,12,82,20,17,97,23,74,61,99,90,63,99
70,38,59,74,73,32,38,33,67,70,47,41,15,64,92,2,84,76,19,6
68,65,55,90,13,14,67,6,16,23,70,95,85,38,52,71,71,51,21,61
16,96,70,74,54,31,11,93,75,98,63,87,64,78,7,43,31,87,33,8
41,28,46,6,21,91,79,48,54,26,97,32,92,71,59,9,25,85,23,92
14,84,24,49,78,25,82,66,94,98,79,41,10,74,96,57,76,37,84,14
28,28,17,67,71,50,92,89,82,40,40,15,1,97,20,92,83,30,85,29
13,21,21,17,3,27,94,23,44,50,73,99,82,39,74,23,48,7,16,83
23,80,89,93,26,5,5,74,48,25,88,28,32,73,57,95,69,34,76,73
18,48,74,4,79,73,69,60,69,5,76,8,63,62,54,56,75,24,4,39
65,97,69,49,27,35,3,46,55,16,94,63,67,54,54,69,3,55,66,0
95,96,27,19,61,89,14,74,23,59,7,71,91,18,65,72,49,22,92,84
47,50,30,28,17,44,20,14,34,57,29,27,32,33,53,58,79,15,83,69
88,71,63,27,44,20,5,64,87,1,63,33,23,40,34,36,78,27,44,99
67,93,70,42,99,6,44,59,98,13,96,40,97,68,98,17,75,56,11,63
7,79,44,58,29,37,50,21,37,94,55,57,91,75,40,46,99,31,79,97
87,70,24,77,36,87,37,26,52,33,55,95,23,42,54,34,40,54,57,9
10,98,36,68,92,78,55,20,98,33,29,16,14,12,5,73,32,30,29,73
86,67,56,72,34,17,65,19,38,32,36,4,9,72,71,68,17,20,6,86
91,98,31,25,82,4,65,3,45,90,40,84,9,8,35,51,25,65,30,16
31,52,27,13,92,18,77,10,59,61,48,38,1,42,0,65,39,74,63,87
15,61,42,70,17,21,90,97,29,69,62,32,49,10,12,73,44,62,95,59
17,74,10,59,30,35,78,16,28,46,36,83,78,14,55,18,71,5,33,33
67,54,25,90,26,94,76,39,76,87,3,12,97,36,11,98,62,32,1,91
13,90,22,57,47,23,29,20,16,9,79,39,97,63,64,27,57,21,84,9
47,48,74,82,33,69,81,69,34,59,52,0,75,40,11,31,37,70,46,68
15,46,36,91,1,70,73,82,76,57,46,99,39,38,13,10,33,15,40,43
51,92,50,51,58,33,43,86,46,32,4,32,75,78,76,45,69,91,89,12
37,27,99,59,40,60,39,47,77,75,94,13,60,28,98,87,76,71,83,1
38,63,24,69,63,89,58,82,64,92,87,66,66,21,92,18,40,40,66,40
90,90,27,85,89,76,76,65,93,22,91,79,38,3,86,85,32,88,4,68
41,55,75,79,4,54,74,11,8,3,51,97,94,45,64,31,7,91,73,7
93,83,1,78,26,63,16,45,78,6,42,66,81,7,23,84,38,11,62,36
31,24,23,99,58,69,40,25,99,3,78,75,34,78,72,71,20,22,57,54
45,53,81,60,74,86,89,51,39,48,80,69,12,87,69,63,10,6,14,30
0,50,27,36,4,24,72,70,10,28,3,31,70,24,38,50,99,51,0,18
80,88,35,10,8,87,18,33,46,67,9,8,37,76,49,65,10,22,58,13
42,66,13,6,33,52,26,62,67,19,66,15,22,8,56,41,70,79,96,22
81,65,91,30,66,2,47,88,94,17,74,1,55,75,8,91,16,84,60,39
49,44,17,22,45,58,58,57,12,9,82,0,19,20,0,62,22,18,85,74
58,40,25,10,45,28,50,93,79,23,43,12,67,91,98,97,74,43,99,37
3,9,51,75,51,23,39,14,37,84,81,68,26,43,5,13,99,29,19,36
23,31,53,69,6,7,18,89,65,46,15,17,53,52,35,44,68,48,73,14
95,66,34,81,51,56,10,7,72,35,95,20,6,76,22,60,27,86,33,71
2,16,63,17,96,91,85,44,19,28,49,80,66,8,20,39,72,8,30,5
6,91,60,97,15,93,73,31,81,79,40,50,73,81,35,45,60,62,87,74
58,25,83,40,79,51,39,16,48,40,28,89,40,6,18,5,18,26,63,61
31,20,74,64,59,44,95,45,55,35,56,76,67,49,52,99,63,60,43,32
21,94,92,85,61,29,70,77,89,51,66,44,63,86,68,41,48,8,34,66
5,88,66,23,84,94,66,20,84,68,60,94,27,18,70,44,1,75,85,17
75,2,99,77,53,14,43,85,95,38,76,37,87,77,25,73,83,49,72,18
53,83,32,17,47,15,83,41,79,24,8,32,58,92,7,25,48,21,80,89
17,80,90,97,18,10,11,39,12,35,36,73,23,39,94,16,63,85,66,23
65,5,71,93,91,71,33,82,15,31,78,1,28,96,86,1,73,60,30,0
38,23,46,14,15,80,95,91,15,46,33,99,35,51,75,80,72,32,87,94
62,12,26,34,38,76,56,84,73,99,78,14,24,87,88,94,50,34,50,92
21,29,71,92,58,82,36,98,63,56,4,76,7,45,0,9,75,88,98,42
12,6,37,1,29,10,87,85,14,16,20,13,51,23,72,40,17,56,87,15
11,75,34,20,20,28,10,9,66,55,42,59,54,70,45,29,66,79,89,15
66,68,16,14,71,27,94,61,6,80,98,47,67,14,28,94,32,31,89,39
85,57,11,26,47,90,95,69,3,13,43,8,5,72,53,37,94,50,19,50
21,63,37,10,49,84,63,89,0,62,74,80,66,68,94,35,71,66,38,35
94,31,30,30,80,96,3,0,22,82,12,12,47,64,49,24,72,72,24,79
0,52,61,24,37,83,85,32,28,33,24,67,0,51,72,29,41,69,3,70
46,75,12,98,51,79,23,0,1,7,78,2,12,1,82,3,59,31,39,20
23,94,35,99,85,72,87,65,28,65,14,82,39,88,39,61,27,49,33,87
4,17,85,8,99,51,46,99,56,97,28,90,55,69,15,13,77,80,95,46
15,65,55,80,19,72,53,96,12,68,69,94,56,74,98,26,14,63,10,45
81,88,96,85,61,57,17,31,42,34,29,77,55,40,34,41,64,4,20,3
93,11,53,61,77,50,13,17,60,56,51,52,52,23,32,83,9,91,15,60
41,98,36,6,62,41,54,76,83,7,69,37,76,1,30,67,0,82,70,65
2,42,31,14,98,0,23,17,40,79,74,51,37,76,80,76,88,57,16,54
95,44,86,83,37,38,13,34,21,89,38,37,33,51,22,62,37,86,66,48
42,71,81,86,41,30,52,65,61,80,10,82,91,88,50,91,97,79,38,87
27,63,9,82,45,7,92,92,66,82,4,99,23,98,34,96,23,98,43,53
45,68,51,46,79,42,38,92,70,53,40,13,34,19,32,53,16,99,37,64
28,15,35,37,69,99,9,22,57,91,61,82,41,27,3,77,94,6,35,23
8,19,99,3,9,32,17,27,8,94,96,73,63,10,74,92,20,32,1,97
90,0,58,70,92,50,94,30,36,23,65,81,28,45,53,72,82,3,58,47
10,98,84,97,86,83,38,47,84,49,67,11,44,0,83,87,90,49,74,61
85,55,58,93,35,23,14,47,87,23,77,66,88,79,9,29,30,34,50,37
54,30,30,55,93,98,84,28,11,8,18,26,33,35,95,12,50,30,93,53
63,14,14,2,64,8,10,60,30,93,73,39,81,61,37,53,64,24,4,82
95,3,76,42,54,75,93,4,86,52,92,16,55,92,13,24,31,12,6,2
2,49,19,83,41,1,63,14,82,96,79,87,41,77,87,44,38,30,8,81
81,21,42,68,71,30,38,13,63,91,16,70,11,15,32,75,14,46,69,81
39,99,23,99,94,68,35,29,48,32,70,42,56,87,42,7,40,6,22,55
1,90,54,30,71,80,99,2,0,77,96,98,27,2,70,34,60,25,96,31
37,27,5,54,34,10,45,59,22,36,12,20,90,11,64,8,86,26,14,29
52,67,32,89,58,77,85,75,76,42,49,36,87,30,89,93,0,70,20,18
68,96,52,55,37,48,77,91,12,74,94,73,29,43,46,85,98,6,74,94
69,48,84,9,93,1,35,6,4,67,38,73,81,88,57,64,65,67,84,42
9,90,17,86,59,84,40,28,63,78,98,10,30,41,44,29,94,60,85,56
12,45,28,32,94,17,32,90,79,6,89,10,78,54,45,83,55,81,37,43
60,77,25,70,74,88,17,7,94,43,16,82,72,49,71,68,55,95,50,99
15,93,94,28,45,79,14,27,75,88,50,17,51,59,40,23,88,75,66,91
2,95,88,39,84,21,64,48,7,55,48,55,21,15,50,91,85,24,41,69
4,48,39,61,89,93,49,27,85,83,24,85,87,53,91,56,83,42,95,6
49,8,63,98,54,58,5,32,31,71,26,74,95,73,68,6,10,58,8,70
25,26,41,72,29,90,89,86,41,25,12,72,73,6,64,91,76,91,63,48
84,58,63,86,85,71,93,56,50,20,87,82,56,9,66,9,19,65,32,36
46,96,40,58,13,90,31,76,71,82,64,99,32,43,0,69,97,57,38,36
93,90,0,13,39,39,51,22,11,47,0,79,63,66,1,19,17,53,82,1
69,22,43,37,68,87,28,80,5,70,89,71,39,13,48,59,47,78,42,72
36,41,66,0,54,40,76,75,11,79,93,80,22,57,6,1,56,1,26,87
49,50,91,44,81,83,70,80,24,31,96,30,63,89,32,10,53,23,24,22
91,22,85,56,86,43,88,81,58,97,48,11,12,16,93,20,75,13,48,53
39,63,82,14,36,52,58,56,60,76,74,40,69,25,39,73,53,12,67,0
80,66,45,47,50,43,32,20,4,37,13,85,5,69,19,3,23,59,33,28
34,65,7,12,35,80,78,56,94,45,84,33,69,50,30,24,7,61,48,3
12,85,35,55,90,64,99,95,47,37,67,56,26,58,17,66,84,98,61,90
42,8,99,33,35,17,81,56,46,88,64,3,99,66,20,50,46,25,87,54
68,72,76,96,92,60,41,99,20,97,64,28,87,54,82,53,62,13,55,52
64,80,51,19,94,78,71,76,15,5,25,68,51,20,87,64,23,26,75,23
86,95,51,3,97,4,33,16,81,16,36,50,63,88,94,4,3,28,74,42
85,82,35,43,47,61,44,3,69,37,71,98,59,63,11,28,13,92,55,21
13,1,13,30,31,82,1,58,44,80,31,94,59,11,41,77,6,97,41,73
25,4,67,88,26,64,7,70,35,13,55,51,64,9,24,22,91,53,6,5
17,59,82,79,88,2,73,94,48,34,12,33,3,14,23,2,76,90,66,2
51,12,24,58,10,46,68,9,99,8,68,0,10,91,70,16,90,77,34,12
97,70,87,13,50,16,94,67,90,3,9,0,10,22,39,3,72,22,85,58
19,16,39,60,96,17,18,88,48,75,25,55,46,6,8,82,42,78,80,81
68,63,83,47,29,8,28,16,46,47,61,44,67,59,14,8,57,20,28,84
98,35,19,95,31,49,37,71,65,87,68,57,4,29,31,47,27,74,8,69
36,38,96,79,25,22,86,87,61,57,64,29,31,97,23,86,43,77,3,17
73,88,11,93,12,47,97,60,16,14,12,77,11,86,34,55,71,41,67,28
48,18,93,24,89,7,84,29,76,14,12,68,91,75,37,83,5,18,94,2
64,39,69,15,73,36,42,77,60,20,3,93,4,57,93,24,43,34,68,7
38,95,85,30,23,15,3,70,38,96,21,47,10,59,61,14,18,83,65,39
36,99,90,58,1,80,28,12,48,48,28,50,97,22,80,84,50,21,87,63
28,29,73,34,17,95,66,78,61,93,37,75,96,30,87,69,64,98,90,6
24,77,9,6,25,36,27,49,39,83,49,89,89,25,66,97,90,19,33,0
80,36,20,14,90,47,2,12,24,93,12,1,95,62,6,93,36,6,87,63
3,80,93,60,96,75,16,75,8,85,64,33,14,32,0,46,14,23,10,97
80,83,4,50,95,79,1,62,8,91,56,89,24,1,16,47,87,5,77,33
52,6,80,46,75,97,61,65,0,43,48,51,97,7,33,44,20,77,44,13
14,80,88,30,15,82,14,70,53,86,16,56,17,12,50,89,91,4,15,53
92,88,9,86,31,81,51,4,2,28,35,48,58,26,43,76,56,10,23,90
52,68,37,9,61,73,98,75,38,25,29,35,12,67,13,71,96,99,66,63
98,20,61,82,26,6,24,92,82,97,84,19,52,33,27,35,13,91,1,67
61,24,23,53,59,23,21,65,76,41,28,70,39,65,52,0,27,52,81,60
65,28,18,86,24,2,17,54,45,49,7,24,98,48,45,98,99,10,63,37
55,67,99,17,94,72,53,90,37,46,15,58,62,30,75,70,28,33,13,18
5,27,11,6,42,4,98,59,59,67,17,55,21,73,24,51,85,33,48,61
17,28,28,19,20,69,59,55,80,3,59,84,31,15,8,45,95,66,49,91
39,80,94,37,44,99,71,77,57,57,55,55,60,55,50,50,53,26,41,12
57,53,68,6,73,25,99,36,44,85,80,81,86,40,12,7,75,66,58,66
38,74,54,61,57,82,30,20,23,98,7,75,36,90,3,21,54,57,58,97
38,50,42,20,18,16,51,25,50,3,70,70,26,44,63,54,4,60,12,70
1,8,53,82,10,32,10,22,11,73,27,20,30,41,73,57,44,96,33,13
28,7,25,28,84,80,50,11,58,75,33,66,28,7,61,15,90,44,92,98
72,88,93,68,82,46,29,63,80,15,70,21,84,47,98,34,59,5,97,85
30,56,5,2,48,81,27,35,20,37,77,6,30,50,66,87,78,37,67,37
67,43,79,34,85,80,66,89,51,49,90,7,80,43,55,25,32,92,84,13
45,64,39,88,75,87,53,84,81,52,84,55,74,83,70,89,60,86,77,44
92,95,18,20,12,75,77,78,69,45,13,71,20,97,81,12,96,42,24,75
69,67,32,97,60,80,48,33,58,76,92,4,27,82,75,68,56,20,88,94
32,9,36,40,96,69,28,92,75,60,35,66,7,97,63,82,38,21,4,93
75,52,85,10,53,40,26,97,50,21,28,88,77,34,60,38,37,64,42,44
7,54,66,71,95,91,71,57,57,6,59,13,41,6,82,9,36,36,97,56
59,31,62,54,97,51,28,95,25,40,95,33,84,0,55,68,90,22,73,0
72,16,31,96,62,96,92,52,84,68,32,40,3,10,37,81,22,46,30,66
99,31,70,95,78,26,89,22,63,64,86,56,48,80,69,43,2,95,95,69
66,44,34,50,47,76,32,20,85,83,23,67,94,54,86,6,99,93,40,17
8,56,42,91,65,71,90,95,67,53,51,58,99,49,47,34,84,23,15,26
98,17,65,92,71,51,89,25,41,53,80,9,4,22,68,76,23,86,93,88
3,95,87,83,46,26,9,85,36,57,22,77,5,33,56,63,58,24,62,22
68,79,66,26,74,68,26,64,12,60,16,50,66,50,27,67,54,42,17,14
57,70,21,69,66,69,1,53,40,6,74,88,94,89,25,42,96,92,32,97
79,2,27,39,1,12,47,11,89,26,18,81,99,50,38,30,22,75,81,50
90,17,42,28,21,64,54,32,99,42,86,65,37,97,73,29,42,45,77,97
53,18,28,26,68,15,91,44,56,56,74,53,94,26,79,83,85,44,16,74
2,80,31,11,73,1,48,2,6,61,80,53,82,86,32,47,15,58,42,62
88,61,94,36,35,57,45,58,88,29,9,81,89,46,39,39,0,67,46,49
62,45,25,22,61,34,91,3,84,4,75,56,32,55,43,32,46,0,39,29
5,67,18,99,54,2,63,61,8,52,70,51,4,82,85,31,22,71,91,56
37,9,5,18,90,97,58,44,97,9,84,73,53,34,26,11,24,49,31,30
37,46,87,81,80,58,5,88,83,79,4,22,2,87,13,55,12,24,39,56
90,28,12,63,73,15,99,25,73,4,53,65,0,91,77,24,90,8,40,47
16,78,31,54,26,91,4,93,17,51,87,39,89,17,57,48,60,33,8,32
53,78,19,69,50,0,87,76,17,98,33,41,64,69,98,11,19,11,85,46
19,83,40,26,96,72,39,34,51,88,60,70,8,29,51,6,25,2,91,20
96,59,25,77,34,33,92,20,34,64,89,16,91,73,4,68,43,86,45,18
55,23,52,3,37,95,29,82,88,33,43,82,9,17,66,54,22,10,40,42
69,79,81,14,89,53,68,28,35,13,57,69,78,65,24,27,26,79,91,70
91,32,52,9,2,47,69,1,83,86,92,17,60,3,3,97,53,74,4,66
67,60,65,71,64,38,57,63,65,38,11,0,49,36,17,10,12,17,24,29
81,78,90,79,63,8,86,66,0,65,53,92,44,48,91,73,20,80,3,40
43,21,68,53,60,97,55,75,20,41,57,33,60,54,14,14,0,47,75,27
97,94,8,98,85,55,80,57,83,44,47,3,6,26,59,24,31,67,14,82
21,7,38,3,45,52,61,21,25,66,76,36,31,41,96,14,49,79,50,24
75,38,78,60,74,14,35,48,59,39,18,54,91,80,54,58,77,73,98,71
49,73,45,87,15,55,79,87,28,4,5,27,41,46,8,26,84,80,64,39
